ID,D,error
a1_left,0.10323635626335029,15.439479637588613
a3_left,0.045332048102746825,11.157700203363158
a1_right,0.30753893993382103,3.44517766195894
a2_left,0.2934807852691093,5.8854712102239946
a3_right,0.2132210448108837,3.0523050778672465
a4_right,0.10554362713257591,5.693302962652226
a4_left,0.11170371839887669,13.662219968264555
a2_right,0.08605102673668666,14.921295508804114
