ID,D,error
a1_left,0.09449872362820878,15.97531603454464
a3_left,0.062424396283378675,11.353150677832817
a1_right,0.27914417163918215,3.8447227579133245
a2_left,0.23495499645273782,6.245297082772702
a3_right,0.19260936086737562,3.3469009740379017
a4_right,0.07514791649140005,6.728675252017088
a4_left,0.07108512846597922,15.324073252306686
a2_right,0.06207122599183304,15.337258696542062
